{
    "pune": {
        "slope": 0.7558360237914571,
        "intercept": 5.826467868379638,
        "r_value": 0.9163837511953254,
        "p_value": 4.693482879074001e-13,
        "std_err": 0.06131091367111179,
        "nmb": -13.088607956430376
    },
    "kolkata": {
        "slope": 0.8376595290555134,
        "intercept": 8.258254470169227,
        "r_value": 0.9522496669049281,
        "p_value": 1.4279184728531687e-31,
        "std_err": 0.035266193699493985,
        "nmb": -1.0011282576210956
    },
    "chennai": {
        "slope": 0.7823119929150903,
        "intercept": 6.370533034844286,
        "r_value": 0.8301797416506199,
        "p_value": 2.3877503126938948e-16,
        "std_err": 0.0689819521447885,
        "nmb": -1.9498842108591194
    },
    "patna": {
        "slope": 0.720810707594013,
        "intercept": 15.463065580935613,
        "r_value": 0.9512792081546135,
        "p_value": 2.5250376075016866e-31,
        "std_err": 0.030677227398611548,
        "nmb": -9.606873226708258
    },
    "delhi": {
        "slope": 0.8787503171176145,
        "intercept": 9.850170990506072,
        "r_value": 0.9940092182903857,
        "p_value": 1.8196395508057253e-57,
        "std_err": 0.012687218355400048,
        "nmb": -2.3121844630869117
    },
    "mumbai": {
        "slope": 0.88480245514832,
        "intercept": 4.6160960049018485,
        "r_value": 0.9794921703287965,
        "p_value": 1.4824044379337222e-38,
        "std_err": 0.025000238998524053,
        "nmb": -0.7536439633646472
    },
    "bangalore": {
        "slope": 0.6041782489370913,
        "intercept": 11.184259187121839,
        "r_value": 0.8917305267718109,
        "p_value": 1.247006289375218e-21,
        "std_err": 0.04026244115847338,
        "nmb": -4.586686231055091
    },
    "chandigarh": {
        "slope": 0.5250168102242465,
        "intercept": 25.008427556884243,
        "r_value": 0.8445527797396515,
        "p_value": 6.803818642301832e-15,
        "std_err": 0.047553818602434766,
        "nmb": 2.968858216110329
    },
    "ahmedabad": {
        "slope": 0.7560235768487492,
        "intercept": 9.256629196898544,
        "r_value": 0.9684865321714702,
        "p_value": 1.3162392855700759e-16,
        "std_err": 0.038885355300204386,
        "nmb": -6.399794329481646
    },
    "varanasi": {
        "slope": 0.6581461149996982,
        "intercept": 25.927463391696627,
        "r_value": 0.7131041345038411,
        "p_value": 1.6300151620678244e-10,
        "std_err": 0.08495900102841529,
        "nmb": 11.610408440365907
    },
    "dehradun": {
        "slope": 0.23424558051600158,
        "intercept": 31.885871829762007,
        "r_value": 0.6550641267105347,
        "p_value": 0.005883340983411354,
        "std_err": 0.0722104689837509,
        "nmb": 10.474516513201324
    },
    "srinagar": {
        "slope": 0.5810799065763228,
        "intercept": 5.899085227130211,
        "r_value": 0.5803470379690819,
        "p_value": 0.0015063549684927466,
        "std_err": 0.16307953382435664,
        "nmb": -21.129795597363664
    },
    "kanpur": {
        "slope": 0.7526861244708871,
        "intercept": 24.691252406885226,
        "r_value": 0.8604337440825703,
        "p_value": 1.2548082257292603e-18,
        "std_err": 0.058530171584245755,
        "nmb": 9.875860556743906
    },
    "lucknow": {
        "slope": 0.7260494991700036,
        "intercept": 10.238218412095783,
        "r_value": 0.8280327456940024,
        "p_value": 3.330496743788624e-16,
        "std_err": 0.06455346901451164,
        "nmb": -14.7610378902511
    },
    "jaipur": {
        "slope": 0.7998111024677438,
        "intercept": 20.532424972189865,
        "r_value": 0.9148106106983818,
        "p_value": 1.6536804218249739e-24,
        "std_err": 0.04636581558973504,
        "nmb": 19.72332305416412
    },
    "bhopal": {
        "slope": 0.6086764139656392,
        "intercept": 22.299351308460583,
        "r_value": 0.8976842309504157,
        "p_value": 4.566184287939672e-19,
        "std_err": 0.04268232789906034,
        "nmb": 7.626532638167761
    },
    "amritsar": {
        "slope": 1.0850004233843462,
        "intercept": 10.032756501427059,
        "r_value": 0.8222420611161889,
        "p_value": 7.990389135098373e-16,
        "std_err": 0.09861290626431063,
        "nmb": 28.06416306093209
    },
    "indore": {
        "slope": 0.5353523194502607,
        "intercept": 19.58174971097136,
        "r_value": 0.8709781216384853,
        "p_value": 2.003996217471063e-16,
        "std_err": 0.0435890956411927,
        "nmb": -2.5228538192312224
    },
    "ludhiana": {
        "slope": 1.1911519045460357,
        "intercept": 11.773253368681196,
        "r_value": 0.8143804585331835,
        "p_value": 2.495357885750504e-15,
        "std_err": 0.11145558515678847,
        "nmb": 40.91174075266114
    },
    "visakhapatnam": {
        "slope": 0.5590743148315905,
        "intercept": 7.526267350598239,
        "r_value": 0.9386971382325401,
        "p_value": 1.658015075393387e-28,
        "std_err": 0.026960342720760665,
        "nmb": -27.500846171327698
    },
    "surat": {
        "slope": 0.43924432178848505,
        "intercept": 25.552251260295474,
        "r_value": 0.8801637414501017,
        "p_value": 0.00035061355004227426,
        "std_err": 0.07896113544204657,
        "nmb": -14.089432852687953
    },
    "thiruvananthapuram": {
        "slope": 0.5253810933143487,
        "intercept": 10.43091467252882,
        "r_value": 0.8356496594039171,
        "p_value": 1.838312249164185e-16,
        "std_err": 0.04573966451181243,
        "nmb": -3.500247763478695
    },
    "hyderabad": {
        "slope": 0.8544516798872103,
        "intercept": 2.138245082227577,
        "r_value": 0.9656020870979286,
        "p_value": 1.2700939568175526e-35,
        "std_err": 0.03021267395360206,
        "nmb": -8.982643252909376
    }
}